bin_index,intensity_measurement_type,bin_from,bin_to,interpolation
1,flood,0.0,0.0,0.0
2,flood,0.0,0.75,0.375
3,flood,0.75,1.5,1.125
4,flood,1.5,2.25,1.875
5,flood,2.25,3.0,2.625
6,flood,3.0,3.75,3.375
7,flood,3.75,4.5,4.125
8,flood,4.5,5.25,4.875
9,flood,5.25,6.0,5.625
10,flood,6.0,6.75,6.375
11,flood,6.75,7.5,7.125
12,flood,7.5,8.25,7.875
13,flood,8.25,9.0,8.625
14,flood,9.0,9.75,9.375
15,flood,9.75,10.5,10.125
16,flood,10.5,11.25,10.875
17,flood,11.25,12.0,11.625
18,flood,12.0,12.75,12.375
19,flood,12.75,13.5,13.125
20,flood,13.5,14.25,13.875
21,flood,14.25,15.0,14.625
22,flood,15.0,15.0,15.0
