vulnerability_id,Continent,Country,Taxonomy
1,Africa,Algeria,CR/LDUAL+CDL+DUM/H1/RES
2,Africa,Algeria,CR/LDUAL+CDL+DUM/H2/RES
3,Africa,Algeria,CR/LDUAL+CDL+DUM/H3/RES
4,Africa,Algeria,CR/LDUAL+CDL+DUM/H5/RES
5,Africa,Algeria,CR/LDUAL+CDL+DUM/H8/RES
6,Africa,Algeria,CR/LDUAL+CDM+DUM/H1/RES
7,Africa,Algeria,CR/LDUAL+CDM+DUM/H2/RES
8,Africa,Algeria,CR/LDUAL+CDM+DUM/H3/RES
9,Africa,Algeria,CR/LDUAL+CDM+DUM/H5/RES
10,Africa,Algeria,CR/LDUAL+CDM+DUM/H8/RES
11,Africa,Algeria,CR/LFINF+CDL+DUM/H1/RES
12,Africa,Algeria,CR/LFINF+CDL+DUM/H2/RES
13,Africa,Algeria,CR/LFINF+CDL+DUM/H3/RES
14,Africa,Algeria,CR/LFINF+CDL+DUM/H5/RES
15,Africa,Algeria,CR/LFINF+CDL+DUM/H8/RES
16,Africa,Algeria,CR/LFINF+CDM+DUM/H1/RES
17,Africa,Algeria,CR/LFINF+CDM+DUM/H2/RES
18,Africa,Algeria,CR/LFINF+CDM+DUM/H3/RES
19,Africa,Algeria,CR/LFINF+CDM+DUM/H5/RES
20,Africa,Algeria,CR/LFINF+CDM+DUM/H8/RES
21,Africa,Algeria,CR/LWAL+CDL+DUM/H1/RES
22,Africa,Algeria,CR/LWAL+CDL+DUM/H2/RES
23,Africa,Algeria,CR/LWAL+CDL+DUM/H3/RES
24,Africa,Algeria,CR/LWAL+CDL+DUM/H5/RES
25,Africa,Algeria,CR/LWAL+CDL+DUM/H8/RES
26,Africa,Algeria,CR/LWAL+CDM+DUM/H1/RES
27,Africa,Algeria,CR/LWAL+CDM+DUM/H2/RES
28,Africa,Algeria,CR/LWAL+CDM+DUM/H3/RES
29,Africa,Algeria,CR/LWAL+CDM+DUM/H5/RES
30,Africa,Algeria,CR/LWAL+CDM+DUM/H8/RES
31,Africa,Algeria,CR/LWAL+CDL+DUM/H4/RES
32,Africa,Algeria,MUR+ADO/LWAL+DNO/H1/RES
33,Africa,Algeria,W/LFM+CDL+DUM/H1/RES
34,Africa,Algeria,MUR+CLBRS/LWAL+DNO/H2/RES
35,Africa,Algeria,MCF/LWAL+DUL/H1/RES
36,Africa,Algeria,MCF/LWAL+DUL/H2/RES
37,Africa,Algeria,MCF/LWAL+DUL/H4/RES
38,Africa,Algeria,MCF/LWAL+DUM/H1/RES
39,Africa,Algeria,MCF/LWAL+DUM/H2/RES
40,Africa,Algeria,MCF/LWAL+DUM/H4/RES
41,Africa,Algeria,S/LFM+CDL+DUM/H1/RES
42,Africa,Algeria,MUR+ADO/LWAL+DNO/H2/RES
43,Africa,Algeria,MUR+ADO/LWAL+DNO/H3/RES
44,Africa,Algeria,MUR+CBH/LWAL+DNO/H1/RES
45,Africa,Algeria,MUR+CBH/LWAL+DNO/H2/RES
46,Africa,Algeria,MUR+CBH/LWAL+DNO/H3/RES
47,Africa,Algeria,MUR+CBH/LWAL+DNO/H4/RES
48,Africa,Algeria,MUR+CLBRH/LWAL+DNO/H1/RES
49,Africa,Algeria,MUR+CLBRH/LWAL+DNO/H2/RES
50,Africa,Algeria,MUR+CLBRH/LWAL+DNO/H3/RES
51,Africa,Algeria,MUR+CLBRH/LWAL+DNO/H4/RES
52,Africa,Algeria,MUR+CLBRS/LWAL+DNO/H1/RES
53,Africa,Algeria,MUR+CLBRS/LWAL+DNO/H4/RES
54,Africa,Algeria,MUR+STDRE/LWAL+DNO/H1/RES
55,Africa,Algeria,MUR+STDRE/LWAL+DNO/H2/RES
56,Africa,Algeria,MUR+STDRE/LWAL+DNO/H3/RES
57,Africa,Algeria,MUR+STDRE/LWAL+DNO/H4/RES
58,Africa,Algeria,MUR+STRUB/LWAL+DNO/H1/RES
59,Africa,Algeria,MUR+STRUB/LWAL+DNO/H2/RES
60,Africa,Algeria,MUR+STRUB/LWAL+DNO/H4/RES
61,Africa,Algeria,W/LFM+CDL+DUM/H2/RES
62,Africa,Algeria,W/LFM+CDL+DUM/H3/RES
63,Africa,Algeria,W/LFM+CDM+DUM/H1/RES
64,Africa,Algeria,W/LFM+CDM+DUM/H2/RES
65,Africa,Algeria,W/LFM+CDM+DUM/H3/RES
66,Africa,Algeria,W+WWD/LWAL+DNO/H1/RES
67,Africa,Algeria,W+WWD/LWAL+DNO/H2/RES
68,Africa,Algeria,S/LFM+CDL+DUM/H2/RES
69,Africa,Algeria,S/LFM+CDM+DUM/H1/RES
70,Africa,Algeria,S/LFM+CDM+DUM/H2/RES
71,Africa,Algeria,CR/LDUAL+CDL+DUM/H1/COM
72,Africa,Algeria,CR/LDUAL+CDL+DUM/H2/COM
73,Africa,Algeria,CR/LDUAL+CDL+DUM/H3/COM
74,Africa,Algeria,CR/LDUAL+CDL+DUM/H5/COM
75,Africa,Algeria,CR/LDUAL+CDL+DUM/H8/COM
76,Africa,Algeria,CR/LDUAL+CDM+DUM/H1/COM
77,Africa,Algeria,CR/LDUAL+CDM+DUM/H2/COM
78,Africa,Algeria,CR/LDUAL+CDM+DUM/H3/COM
79,Africa,Algeria,CR/LDUAL+CDM+DUM/H5/COM
80,Africa,Algeria,CR/LDUAL+CDM+DUM/H8/COM
81,Africa,Algeria,CR/LFINF+CDL+DUM/H1/COM
82,Africa,Algeria,CR/LFINF+CDL+DUM/H2/COM
83,Africa,Algeria,CR/LFINF+CDL+DUM/H3/COM
84,Africa,Algeria,CR/LFINF+CDL+DUM/H5/COM
85,Africa,Algeria,CR/LFINF+CDL+DUM/H8/COM
86,Africa,Algeria,CR/LFINF+CDM+DUM/H1/COM
87,Africa,Algeria,CR/LFINF+CDM+DUM/H2/COM
88,Africa,Algeria,CR/LFINF+CDM+DUM/H3/COM
89,Africa,Algeria,CR/LFINF+CDM+DUM/H5/COM
90,Africa,Algeria,CR/LFINF+CDM+DUM/H8/COM
91,Africa,Algeria,CR/LWAL+CDL+DUM/H1/COM
92,Africa,Algeria,CR/LWAL+CDL+DUM/H2/COM
93,Africa,Algeria,CR/LWAL+CDL+DUM/H3/COM
94,Africa,Algeria,CR/LWAL+CDL+DUM/H5/COM
95,Africa,Algeria,CR/LWAL+CDL+DUM/H8/COM
96,Africa,Algeria,CR/LWAL+CDM+DUM/H1/COM
97,Africa,Algeria,CR/LWAL+CDM+DUM/H2/COM
98,Africa,Algeria,CR/LWAL+CDM+DUM/H3/COM
99,Africa,Algeria,CR/LWAL+CDM+DUM/H5/COM
100,Africa,Algeria,CR/LWAL+CDM+DUM/H8/COM
101,Africa,Algeria,CR/LWAL+CDL+DUM/H4/COM
102,Africa,Algeria,MUR+ADO/LWAL+DNO/H1/COM
103,Africa,Algeria,W/LFM+CDL+DUM/H1/COM
104,Africa,Algeria,MUR+CLBRS/LWAL+DNO/H2/COM
105,Africa,Algeria,MCF/LWAL+DUL/H1/COM
106,Africa,Algeria,MCF/LWAL+DUL/H2/COM
107,Africa,Algeria,MCF/LWAL+DUL/H4/COM
108,Africa,Algeria,MCF/LWAL+DUM/H1/COM
109,Africa,Algeria,MCF/LWAL+DUM/H2/COM
110,Africa,Algeria,MCF/LWAL+DUM/H4/COM
111,Africa,Algeria,S/LFM+CDL+DUM/H1/COM
112,Africa,Algeria,MUR+ADO/LWAL+DNO/H2/COM
113,Africa,Algeria,MUR+ADO/LWAL+DNO/H3/COM
114,Africa,Algeria,MUR+CBH/LWAL+DNO/H1/COM
115,Africa,Algeria,MUR+CBH/LWAL+DNO/H2/COM
116,Africa,Algeria,MUR+CBH/LWAL+DNO/H3/COM
117,Africa,Algeria,MUR+CBH/LWAL+DNO/H4/COM
118,Africa,Algeria,MUR+CLBRH/LWAL+DNO/H1/COM
119,Africa,Algeria,MUR+CLBRH/LWAL+DNO/H2/COM
120,Africa,Algeria,MUR+CLBRH/LWAL+DNO/H3/COM
121,Africa,Algeria,MUR+CLBRH/LWAL+DNO/H4/COM
122,Africa,Algeria,MUR+CLBRS/LWAL+DNO/H1/COM
123,Africa,Algeria,MUR+CLBRS/LWAL+DNO/H4/COM
124,Africa,Algeria,MUR+STDRE/LWAL+DNO/H1/COM
125,Africa,Algeria,MUR+STDRE/LWAL+DNO/H2/COM
126,Africa,Algeria,MUR+STDRE/LWAL+DNO/H3/COM
127,Africa,Algeria,MUR+STDRE/LWAL+DNO/H4/COM
128,Africa,Algeria,MUR+STRUB/LWAL+DNO/H1/COM
129,Africa,Algeria,MUR+STRUB/LWAL+DNO/H2/COM
130,Africa,Algeria,MUR+STRUB/LWAL+DNO/H4/COM
131,Africa,Algeria,W/LFM+CDL+DUM/H2/COM
132,Africa,Algeria,W/LFM+CDL+DUM/H3/COM
133,Africa,Algeria,W/LFM+CDM+DUM/H1/COM
134,Africa,Algeria,W/LFM+CDM+DUM/H2/COM
135,Africa,Algeria,W/LFM+CDM+DUM/H3/COM
136,Africa,Algeria,W+WWD/LWAL+DNO/H1/COM
137,Africa,Algeria,W+WWD/LWAL+DNO/H2/COM
138,Africa,Algeria,S/LFM+CDL+DUM/H2/COM
139,Africa,Algeria,S/LFM+CDM+DUM/H1/COM
140,Africa,Algeria,S/LFM+CDM+DUM/H2/COM
141,Africa,Algeria,CR/LDUAL+CDL+DUM/H1/IND
142,Africa,Algeria,CR/LDUAL+CDL+DUM/H2/IND
143,Africa,Algeria,CR/LDUAL+CDL+DUM/H3/IND
144,Africa,Algeria,CR/LDUAL+CDL+DUM/H5/IND
145,Africa,Algeria,CR/LDUAL+CDL+DUM/H8/IND
146,Africa,Algeria,CR/LDUAL+CDM+DUM/H1/IND
147,Africa,Algeria,CR/LDUAL+CDM+DUM/H2/IND
148,Africa,Algeria,CR/LDUAL+CDM+DUM/H3/IND
149,Africa,Algeria,CR/LDUAL+CDM+DUM/H5/IND
150,Africa,Algeria,CR/LDUAL+CDM+DUM/H8/IND
151,Africa,Algeria,CR/LFINF+CDL+DUM/H1/IND
152,Africa,Algeria,CR/LFINF+CDL+DUM/H2/IND
153,Africa,Algeria,CR/LFINF+CDL+DUM/H3/IND
154,Africa,Algeria,CR/LFINF+CDL+DUM/H5/IND
155,Africa,Algeria,CR/LFINF+CDL+DUM/H8/IND
156,Africa,Algeria,CR/LFINF+CDM+DUM/H1/IND
157,Africa,Algeria,CR/LFINF+CDM+DUM/H2/IND
158,Africa,Algeria,CR/LFINF+CDM+DUM/H3/IND
159,Africa,Algeria,CR/LFINF+CDM+DUM/H5/IND
160,Africa,Algeria,CR/LFINF+CDM+DUM/H8/IND
161,Africa,Algeria,CR/LWAL+CDL+DUM/H1/IND
162,Africa,Algeria,CR/LWAL+CDL+DUM/H2/IND
163,Africa,Algeria,CR/LWAL+CDL+DUM/H3/IND
164,Africa,Algeria,CR/LWAL+CDL+DUM/H5/IND
165,Africa,Algeria,CR/LWAL+CDL+DUM/H8/IND
166,Africa,Algeria,CR/LWAL+CDM+DUM/H1/IND
167,Africa,Algeria,CR/LWAL+CDM+DUM/H2/IND
168,Africa,Algeria,CR/LWAL+CDM+DUM/H3/IND
169,Africa,Algeria,CR/LWAL+CDM+DUM/H5/IND
170,Africa,Algeria,CR/LWAL+CDM+DUM/H8/IND
171,Africa,Algeria,CR/LWAL+CDL+DUM/H4/IND
172,Africa,Algeria,MUR+ADO/LWAL+DNO/H1/IND
173,Africa,Algeria,W/LFM+CDL+DUM/H1/IND
174,Africa,Algeria,MUR+CLBRS/LWAL+DNO/H2/IND
175,Africa,Algeria,MCF/LWAL+DUL/H1/IND
176,Africa,Algeria,MCF/LWAL+DUL/H2/IND
177,Africa,Algeria,MCF/LWAL+DUL/H4/IND
178,Africa,Algeria,MCF/LWAL+DUM/H1/IND
179,Africa,Algeria,MCF/LWAL+DUM/H2/IND
180,Africa,Algeria,MCF/LWAL+DUM/H4/IND
181,Africa,Algeria,S/LFM+CDL+DUM/H1/IND
182,Africa,Algeria,MUR+ADO/LWAL+DNO/H2/IND
183,Africa,Algeria,MUR+ADO/LWAL+DNO/H3/IND
184,Africa,Algeria,MUR+CBH/LWAL+DNO/H1/IND
185,Africa,Algeria,MUR+CBH/LWAL+DNO/H2/IND
186,Africa,Algeria,MUR+CBH/LWAL+DNO/H3/IND
187,Africa,Algeria,MUR+CBH/LWAL+DNO/H4/IND
188,Africa,Algeria,MUR+CLBRH/LWAL+DNO/H1/IND
189,Africa,Algeria,MUR+CLBRH/LWAL+DNO/H2/IND
190,Africa,Algeria,MUR+CLBRH/LWAL+DNO/H3/IND
191,Africa,Algeria,MUR+CLBRH/LWAL+DNO/H4/IND
192,Africa,Algeria,MUR+CLBRS/LWAL+DNO/H1/IND
193,Africa,Algeria,MUR+CLBRS/LWAL+DNO/H4/IND
194,Africa,Algeria,MUR+STDRE/LWAL+DNO/H1/IND
195,Africa,Algeria,MUR+STDRE/LWAL+DNO/H2/IND
196,Africa,Algeria,MUR+STDRE/LWAL+DNO/H3/IND
197,Africa,Algeria,MUR+STDRE/LWAL+DNO/H4/IND
198,Africa,Algeria,MUR+STRUB/LWAL+DNO/H1/IND
199,Africa,Algeria,MUR+STRUB/LWAL+DNO/H2/IND
200,Africa,Algeria,MUR+STRUB/LWAL+DNO/H4/IND
201,Africa,Algeria,W/LFM+CDL+DUM/H2/IND
202,Africa,Algeria,W/LFM+CDL+DUM/H3/IND
203,Africa,Algeria,W/LFM+CDM+DUM/H1/IND
204,Africa,Algeria,W/LFM+CDM+DUM/H2/IND
205,Africa,Algeria,W/LFM+CDM+DUM/H3/IND
206,Africa,Algeria,W+WWD/LWAL+DNO/H1/IND
207,Africa,Algeria,W+WWD/LWAL+DNO/H2/IND
208,Africa,Algeria,S/LFM+CDL+DUM/H2/IND
209,Africa,Algeria,S/LFM+CDM+DUM/H1/IND
210,Africa,Algeria,S/LFM+CDM+DUM/H2/IND
211,Africa,Angola,CR/LDUAL+CDL+DUM/H1/COM
212,Africa,Angola,CR/LDUAL+CDL+DUM/H1/IND
213,Africa,Angola,CR/LDUAL+CDL+DUM/H1/RES
214,Africa,Angola,CR/LDUAL+CDL+DUM/H2/COM
215,Africa,Angola,CR/LDUAL+CDL+DUM/H2/IND
216,Africa,Angola,CR/LDUAL+CDL+DUM/H2/RES
217,Africa,Angola,CR/LDUAL+CDL+DUM/H3/COM
218,Africa,Angola,CR/LDUAL+CDL+DUM/H3/IND
219,Africa,Angola,CR/LDUAL+CDL+DUM/H3/RES
220,Africa,Angola,CR/LDUAL+CDL+DUM/H5/COM
221,Africa,Angola,CR/LDUAL+CDL+DUM/H5/IND
222,Africa,Angola,CR/LDUAL+CDL+DUM/H5/RES
223,Africa,Angola,CR/LDUAL+CDL+DUM/H8/COM
224,Africa,Angola,CR/LDUAL+CDL+DUM/H8/IND
225,Africa,Angola,CR/LDUAL+CDL+DUM/H8/RES
226,Africa,Angola,CR/LDUAL+CDM+DUM/H1/COM
227,Africa,Angola,CR/LDUAL+CDM+DUM/H1/IND
228,Africa,Angola,CR/LDUAL+CDM+DUM/H1/RES
229,Africa,Angola,CR/LDUAL+CDM+DUM/H2/COM
230,Africa,Angola,CR/LDUAL+CDM+DUM/H2/IND
231,Africa,Angola,CR/LDUAL+CDM+DUM/H2/RES
232,Africa,Angola,CR/LDUAL+CDM+DUM/H3/COM
233,Africa,Angola,CR/LDUAL+CDM+DUM/H3/IND
234,Africa,Angola,CR/LDUAL+CDM+DUM/H3/RES
235,Africa,Angola,CR/LDUAL+CDM+DUM/H5/COM
236,Africa,Angola,CR/LDUAL+CDM+DUM/H5/IND
237,Africa,Angola,CR/LDUAL+CDM+DUM/H5/RES
238,Africa,Angola,CR/LDUAL+CDM+DUM/H8/COM
239,Africa,Angola,CR/LDUAL+CDM+DUM/H8/IND
240,Africa,Angola,CR/LDUAL+CDM+DUM/H8/RES
241,Africa,Angola,CR/LFINF+CDL+DUM/H1/COM
242,Africa,Angola,CR/LFINF+CDL+DUM/H1/IND
243,Africa,Angola,CR/LFINF+CDL+DUM/H1/RES
244,Africa,Angola,CR/LFINF+CDL+DUM/H2/COM
245,Africa,Angola,CR/LFINF+CDL+DUM/H2/IND
246,Africa,Angola,CR/LFINF+CDL+DUM/H2/RES
247,Africa,Angola,CR/LFINF+CDL+DUM/H3/COM
248,Africa,Angola,CR/LFINF+CDL+DUM/H3/IND
249,Africa,Angola,CR/LFINF+CDL+DUM/H3/RES
250,Africa,Angola,CR/LFINF+CDL+DUM/H5/COM
251,Africa,Angola,CR/LFINF+CDL+DUM/H5/IND
252,Africa,Angola,CR/LFINF+CDL+DUM/H5/RES
253,Africa,Angola,CR/LFINF+CDL+DUM/H8/COM
254,Africa,Angola,CR/LFINF+CDL+DUM/H8/IND
255,Africa,Angola,CR/LFINF+CDL+DUM/H8/RES
256,Africa,Angola,CR/LFINF+CDM+DUM/H1/COM
257,Africa,Angola,CR/LFINF+CDM+DUM/H1/IND
258,Africa,Angola,CR/LFINF+CDM+DUM/H1/RES
259,Africa,Angola,CR/LFINF+CDM+DUM/H2/COM
260,Africa,Angola,CR/LFINF+CDM+DUM/H2/IND
261,Africa,Angola,CR/LFINF+CDM+DUM/H2/RES
262,Africa,Angola,CR/LFINF+CDM+DUM/H3/COM
263,Africa,Angola,CR/LFINF+CDM+DUM/H3/IND
264,Africa,Angola,CR/LFINF+CDM+DUM/H3/RES
265,Africa,Angola,CR/LFINF+CDM+DUM/H5/COM
266,Africa,Angola,CR/LFINF+CDM+DUM/H5/IND
267,Africa,Angola,CR/LFINF+CDM+DUM/H5/RES
268,Africa,Angola,CR/LFINF+CDM+DUM/H8/COM
269,Africa,Angola,CR/LFINF+CDM+DUM/H8/IND
270,Africa,Angola,CR/LFINF+CDM+DUM/H8/RES
271,Africa,Angola,CR/LWAL+CDL+DUM/H1/COM
272,Africa,Angola,CR/LWAL+CDL+DUM/H1/IND
273,Africa,Angola,CR/LWAL+CDL+DUM/H1/RES
274,Africa,Angola,CR/LWAL+CDL+DUM/H2/COM
275,Africa,Angola,CR/LWAL+CDL+DUM/H2/IND
276,Africa,Angola,CR/LWAL+CDL+DUM/H2/RES
277,Africa,Angola,CR/LWAL+CDL+DUM/H3/COM
278,Africa,Angola,CR/LWAL+CDL+DUM/H3/IND
279,Africa,Angola,CR/LWAL+CDL+DUM/H3/RES
280,Africa,Angola,CR/LWAL+CDL+DUM/H5/COM
281,Africa,Angola,CR/LWAL+CDL+DUM/H5/IND
282,Africa,Angola,CR/LWAL+CDL+DUM/H5/RES
283,Africa,Angola,CR/LWAL+CDL+DUM/H8/COM
284,Africa,Angola,CR/LWAL+CDL+DUM/H8/IND
285,Africa,Angola,CR/LWAL+CDL+DUM/H8/RES
286,Africa,Angola,CR/LWAL+CDM+DUM/H1/COM
287,Africa,Angola,CR/LWAL+CDM+DUM/H1/IND
288,Africa,Angola,CR/LWAL+CDM+DUM/H1/RES
289,Africa,Angola,CR/LWAL+CDM+DUM/H2/COM
290,Africa,Angola,CR/LWAL+CDM+DUM/H2/IND
291,Africa,Angola,CR/LWAL+CDM+DUM/H2/RES
292,Africa,Angola,CR/LWAL+CDM+DUM/H3/COM
293,Africa,Angola,CR/LWAL+CDM+DUM/H3/IND
294,Africa,Angola,CR/LWAL+CDM+DUM/H3/RES
295,Africa,Angola,CR/LWAL+CDM+DUM/H5/COM
296,Africa,Angola,CR/LWAL+CDM+DUM/H5/IND
297,Africa,Angola,CR/LWAL+CDM+DUM/H5/RES
298,Africa,Angola,CR/LWAL+CDM+DUM/H8/COM
299,Africa,Angola,CR/LWAL+CDM+DUM/H8/IND
300,Africa,Angola,CR/LWAL+CDM+DUM/H8/RES
301,Africa,Angola,CR/LWAL+CDL+DUM/H4/COM
302,Africa,Angola,CR/LWAL+CDL+DUM/H4/IND
303,Africa,Angola,CR/LWAL+CDL+DUM/H4/RES
304,Africa,Angola,MUR+ADO/LWAL+DNO/H1/COM
305,Africa,Angola,MUR+ADO/LWAL+DNO/H1/IND
306,Africa,Angola,MUR+ADO/LWAL+DNO/H1/RES
307,Africa,Angola,W/LFM+CDL+DUM/H1/COM
308,Africa,Angola,W/LFM+CDL+DUM/H1/IND
309,Africa,Angola,W/LFM+CDL+DUM/H1/RES
310,Africa,Angola,MUR+CLBRS/LWAL+DNO/H2/COM
311,Africa,Angola,MUR+CLBRS/LWAL+DNO/H2/IND
312,Africa,Angola,MUR+CLBRS/LWAL+DNO/H2/RES
313,Africa,Angola,MCF/LWAL+DUL/H1/COM
314,Africa,Angola,MCF/LWAL+DUL/H1/IND
315,Africa,Angola,MCF/LWAL+DUL/H1/RES
316,Africa,Angola,MCF/LWAL+DUL/H2/COM
317,Africa,Angola,MCF/LWAL+DUL/H2/IND
318,Africa,Angola,MCF/LWAL+DUL/H2/RES
319,Africa,Angola,MCF/LWAL+DUL/H4/COM
320,Africa,Angola,MCF/LWAL+DUL/H4/IND
321,Africa,Angola,MCF/LWAL+DUL/H4/RES
322,Africa,Angola,MCF/LWAL+DUM/H1/COM
323,Africa,Angola,MCF/LWAL+DUM/H1/IND
324,Africa,Angola,MCF/LWAL+DUM/H1/RES
325,Africa,Angola,MCF/LWAL+DUM/H2/COM
326,Africa,Angola,MCF/LWAL+DUM/H2/IND
327,Africa,Angola,MCF/LWAL+DUM/H2/RES
328,Africa,Angola,MCF/LWAL+DUM/H4/COM
329,Africa,Angola,MCF/LWAL+DUM/H4/IND
330,Africa,Angola,MCF/LWAL+DUM/H4/RES
331,Africa,Angola,S/LFM+CDL+DUM/H1/COM
332,Africa,Angola,S/LFM+CDL+DUM/H1/IND
333,Africa,Angola,S/LFM+CDL+DUM/H1/RES
334,Africa,Angola,MUR+ADO/LWAL+DNO/RWO/H1/COM
335,Africa,Angola,MUR+ADO/LWAL+DNO/RWO/H1/IND
336,Africa,Angola,MUR+ADO/LWAL+DNO/RWO/H1/RES
337,Africa,Angola,MUR+ADO/LWAL+DNO/RWO/H2/COM
338,Africa,Angola,MUR+ADO/LWAL+DNO/RWO/H2/IND
339,Africa,Angola,MUR+ADO/LWAL+DNO/RWO/H2/RES
340,Africa,Angola,MUR+ADO/LWAL+DNO/RWO/H3/COM
341,Africa,Angola,MUR+ADO/LWAL+DNO/RWO/H3/IND
342,Africa,Angola,MUR+ADO/LWAL+DNO/RWO/H3/RES
343,Africa,Angola,MUR+CBH/LWAL+DNO/H1/COM
344,Africa,Angola,MUR+CBH/LWAL+DNO/H1/IND
345,Africa,Angola,MUR+CBH/LWAL+DNO/H1/RES
346,Africa,Angola,MUR+CBH/LWAL+DNO/H2/COM
347,Africa,Angola,MUR+CBH/LWAL+DNO/H2/IND
348,Africa,Angola,MUR+CBH/LWAL+DNO/H2/RES
349,Africa,Angola,MUR+CBH/LWAL+DNO/H3/COM
350,Africa,Angola,MUR+CBH/LWAL+DNO/H3/IND
351,Africa,Angola,MUR+CBH/LWAL+DNO/H3/RES
352,Africa,Angola,MUR+CBH/LWAL+DNO/H4/COM
353,Africa,Angola,MUR+CBH/LWAL+DNO/H4/IND
354,Africa,Angola,MUR+CBH/LWAL+DNO/H4/RES
355,Africa,Angola,MUR+CLBRH/LWAL+DNO/H1/COM
356,Africa,Angola,MUR+CLBRH/LWAL+DNO/H1/IND
357,Africa,Angola,MUR+CLBRH/LWAL+DNO/H1/RES
358,Africa,Angola,MUR+CLBRH/LWAL+DNO/H2/COM
359,Africa,Angola,MUR+CLBRH/LWAL+DNO/H2/IND
360,Africa,Angola,MUR+CLBRH/LWAL+DNO/H2/RES
361,Africa,Angola,MUR+CLBRH/LWAL+DNO/H3/COM
362,Africa,Angola,MUR+CLBRH/LWAL+DNO/H3/IND
363,Africa,Angola,MUR+CLBRH/LWAL+DNO/H3/RES
364,Africa,Angola,MUR+CLBRH/LWAL+DNO/H4/COM
365,Africa,Angola,MUR+CLBRH/LWAL+DNO/H4/IND
366,Africa,Angola,MUR+CLBRH/LWAL+DNO/H4/RES
367,Africa,Angola,MUR+CLBRS/LWAL+DNO/H1/COM
368,Africa,Angola,MUR+CLBRS/LWAL+DNO/H1/IND
369,Africa,Angola,MUR+CLBRS/LWAL+DNO/H1/RES
370,Africa,Angola,MUR+CLBRS/LWAL+DNO/H4/COM
371,Africa,Angola,MUR+CLBRS/LWAL+DNO/H4/IND
372,Africa,Angola,MUR+CLBRS/LWAL+DNO/H4/RES
373,Africa,Angola,MUR+STDRE/LWAL+DNO/H1/COM
374,Africa,Angola,MUR+STDRE/LWAL+DNO/H1/IND
375,Africa,Angola,MUR+STDRE/LWAL+DNO/H1/RES
376,Africa,Angola,MUR+STDRE/LWAL+DNO/H2/COM
377,Africa,Angola,MUR+STDRE/LWAL+DNO/H2/IND
378,Africa,Angola,MUR+STDRE/LWAL+DNO/H2/RES
379,Africa,Angola,MUR+STDRE/LWAL+DNO/H3/COM
380,Africa,Angola,MUR+STDRE/LWAL+DNO/H3/IND
381,Africa,Angola,MUR+STDRE/LWAL+DNO/H3/RES
382,Africa,Angola,MUR+STDRE/LWAL+DNO/H4/COM
383,Africa,Angola,MUR+STDRE/LWAL+DNO/H4/IND
384,Africa,Angola,MUR+STDRE/LWAL+DNO/H4/RES
385,Africa,Angola,MUR+STRUB/LWAL+DNO/H1/COM
386,Africa,Angola,MUR+STRUB/LWAL+DNO/H1/IND
387,Africa,Angola,MUR+STRUB/LWAL+DNO/H1/RES
388,Africa,Angola,MUR+STRUB/LWAL+DNO/H2/COM
389,Africa,Angola,MUR+STRUB/LWAL+DNO/H2/IND
390,Africa,Angola,MUR+STRUB/LWAL+DNO/H2/RES
391,Africa,Angola,MUR+STRUB/LWAL+DNO/H4/COM
392,Africa,Angola,MUR+STRUB/LWAL+DNO/H4/IND
393,Africa,Angola,MUR+STRUB/LWAL+DNO/H4/RES
394,Africa,Angola,S/LFM+CDL+DUM/H2/COM
395,Africa,Angola,S/LFM+CDL+DUM/H2/IND
396,Africa,Angola,S/LFM+CDL+DUM/H2/RES
397,Africa,Angola,S/LFM+CDM+DUM/H1/COM
398,Africa,Angola,S/LFM+CDM+DUM/H1/IND
399,Africa,Angola,S/LFM+CDM+DUM/H1/RES
400,Africa,Angola,S/LFM+CDM+DUM/H2/COM
401,Africa,Angola,S/LFM+CDM+DUM/H2/IND
402,Africa,Angola,S/LFM+CDM+DUM/H2/RES
403,Africa,Angola,W/LFM+CDL+DUM/H2/COM
404,Africa,Angola,W/LFM+CDL+DUM/H2/IND
405,Africa,Angola,W/LFM+CDL+DUM/H2/RES
406,Africa,Angola,W/LFM+CDL+DUM/H3/COM
407,Africa,Angola,W/LFM+CDL+DUM/H3/IND
408,Africa,Angola,W/LFM+CDL+DUM/H3/RES
409,Africa,Angola,W/LFM+CDM+DUM/H1/COM
410,Africa,Angola,W/LFM+CDM+DUM/H1/IND
411,Africa,Angola,W/LFM+CDM+DUM/H1/RES
412,Africa,Angola,W/LFM+CDM+DUM/H2/COM
413,Africa,Angola,W/LFM+CDM+DUM/H2/IND
414,Africa,Angola,W/LFM+CDM+DUM/H2/RES
415,Africa,Angola,W/LFM+CDM+DUM/H3/COM
416,Africa,Angola,W/LFM+CDM+DUM/H3/IND
417,Africa,Angola,W/LFM+CDM+DUM/H3/RES
418,Africa,Angola,W+WBB/LFM+CDN/H1/COM
419,Africa,Angola,W+WBB/LFM+CDN/H1/IND
420,Africa,Angola,W+WBB/LFM+CDN/H1/RES
421,Africa,Angola,INF/H1/COM
422,Africa,Angola,INF/H1/IND
423,Africa,Angola,INF/H1/RES
424,Africa,Angola,INF/H2/COM
425,Africa,Angola,INF/H2/IND
426,Africa,Angola,INF/H2/RES
427,Africa,Angola,W+WWD/LWAL+DNO/H1/COM
428,Africa,Angola,W+WWD/LWAL+DNO/H1/IND
429,Africa,Angola,W+WWD/LWAL+DNO/H1/RES
430,Africa,Angola,W+WWD/LWAL+DNO/H2/COM
431,Africa,Angola,W+WWD/LWAL+DNO/H2/IND
432,Africa,Angola,W+WWD/LWAL+DNO/H2/RES
433,Africa,Benin,CR/LDUAL+CDL+DUM/H1/COM
434,Africa,Benin,CR/LDUAL+CDL+DUM/H1/IND
435,Africa,Benin,CR/LDUAL+CDL+DUM/H1/RES
436,Africa,Benin,CR/LDUAL+CDL+DUM/H2/COM
437,Africa,Benin,CR/LDUAL+CDL+DUM/H2/IND
438,Africa,Benin,CR/LDUAL+CDL+DUM/H2/RES
439,Africa,Benin,CR/LDUAL+CDL+DUM/H3/COM
440,Africa,Benin,CR/LDUAL+CDL+DUM/H3/IND
441,Africa,Benin,CR/LDUAL+CDL+DUM/H3/RES
442,Africa,Benin,CR/LDUAL+CDL+DUM/H5/COM
443,Africa,Benin,CR/LDUAL+CDL+DUM/H5/IND
444,Africa,Benin,CR/LDUAL+CDL+DUM/H5/RES
445,Africa,Benin,CR/LDUAL+CDL+DUM/H8/COM
446,Africa,Benin,CR/LDUAL+CDL+DUM/H8/IND
447,Africa,Benin,CR/LDUAL+CDL+DUM/H8/RES
448,Africa,Benin,CR/LDUAL+CDM+DUM/H1/COM
449,Africa,Benin,CR/LDUAL+CDM+DUM/H1/IND
450,Africa,Benin,CR/LDUAL+CDM+DUM/H1/RES
451,Africa,Benin,CR/LDUAL+CDM+DUM/H2/COM
452,Africa,Benin,CR/LDUAL+CDM+DUM/H2/IND
453,Africa,Benin,CR/LDUAL+CDM+DUM/H2/RES
454,Africa,Benin,CR/LDUAL+CDM+DUM/H3/COM
455,Africa,Benin,CR/LDUAL+CDM+DUM/H3/IND
456,Africa,Benin,CR/LDUAL+CDM+DUM/H3/RES
457,Africa,Benin,CR/LDUAL+CDM+DUM/H5/COM
458,Africa,Benin,CR/LDUAL+CDM+DUM/H5/IND
459,Africa,Benin,CR/LDUAL+CDM+DUM/H5/RES
460,Africa,Benin,CR/LDUAL+CDM+DUM/H8/COM
461,Africa,Benin,CR/LDUAL+CDM+DUM/H8/IND
462,Africa,Benin,CR/LDUAL+CDM+DUM/H8/RES
463,Africa,Benin,CR/LFINF+CDL+DUM/H1/COM
464,Africa,Benin,CR/LFINF+CDL+DUM/H1/IND
465,Africa,Benin,CR/LFINF+CDL+DUM/H1/RES
466,Africa,Benin,CR/LFINF+CDL+DUM/H2/COM
467,Africa,Benin,CR/LFINF+CDL+DUM/H2/IND
468,Africa,Benin,CR/LFINF+CDL+DUM/H2/RES
469,Africa,Benin,CR/LFINF+CDL+DUM/H3/COM
470,Africa,Benin,CR/LFINF+CDL+DUM/H3/IND
471,Africa,Benin,CR/LFINF+CDL+DUM/H3/RES
472,Africa,Benin,CR/LFINF+CDL+DUM/H5/COM
473,Africa,Benin,CR/LFINF+CDL+DUM/H5/IND
474,Africa,Benin,CR/LFINF+CDL+DUM/H5/RES
475,Africa,Benin,CR/LFINF+CDL+DUM/H8/COM
476,Africa,Benin,CR/LFINF+CDL+DUM/H8/IND
477,Africa,Benin,CR/LFINF+CDL+DUM/H8/RES
478,Africa,Benin,CR/LFINF+CDM+DUM/H1/COM
479,Africa,Benin,CR/LFINF+CDM+DUM/H1/IND
480,Africa,Benin,CR/LFINF+CDM+DUM/H1/RES
481,Africa,Benin,CR/LFINF+CDM+DUM/H2/COM
482,Africa,Benin,CR/LFINF+CDM+DUM/H2/IND
483,Africa,Benin,CR/LFINF+CDM+DUM/H2/RES
484,Africa,Benin,CR/LFINF+CDM+DUM/H3/COM
485,Africa,Benin,CR/LFINF+CDM+DUM/H3/IND
486,Africa,Benin,CR/LFINF+CDM+DUM/H3/RES
487,Africa,Benin,CR/LFINF+CDM+DUM/H5/COM
488,Africa,Benin,CR/LFINF+CDM+DUM/H5/IND
489,Africa,Benin,CR/LFINF+CDM+DUM/H5/RES
490,Africa,Benin,CR/LFINF+CDM+DUM/H8/COM
491,Africa,Benin,CR/LFINF+CDM+DUM/H8/IND
492,Africa,Benin,CR/LFINF+CDM+DUM/H8/RES
493,Africa,Benin,CR/LWAL+CDL+DUM/H1/COM
494,Africa,Benin,CR/LWAL+CDL+DUM/H1/IND
495,Africa,Benin,CR/LWAL+CDL+DUM/H1/RES
496,Africa,Benin,CR/LWAL+CDL+DUM/H2/COM
497,Africa,Benin,CR/LWAL+CDL+DUM/H2/IND
498,Africa,Benin,CR/LWAL+CDL+DUM/H2/RES
499,Africa,Benin,CR/LWAL+CDL+DUM/H3/COM
500,Africa,Benin,CR/LWAL+CDL+DUM/H3/IND
501,Africa,Benin,CR/LWAL+CDL+DUM/H3/RES
502,Africa,Benin,CR/LWAL+CDL+DUM/H5/COM
503,Africa,Benin,CR/LWAL+CDL+DUM/H5/IND
504,Africa,Benin,CR/LWAL+CDL+DUM/H5/RES
505,Africa,Benin,CR/LWAL+CDL+DUM/H8/COM
506,Africa,Benin,CR/LWAL+CDL+DUM/H8/IND
507,Africa,Benin,CR/LWAL+CDL+DUM/H8/RES
508,Africa,Benin,CR/LWAL+CDM+DUM/H1/COM
509,Africa,Benin,CR/LWAL+CDM+DUM/H1/IND
510,Africa,Benin,CR/LWAL+CDM+DUM/H1/RES
511,Africa,Benin,CR/LWAL+CDM+DUM/H2/COM
512,Africa,Benin,CR/LWAL+CDM+DUM/H2/IND
513,Africa,Benin,CR/LWAL+CDM+DUM/H2/RES
514,Africa,Benin,CR/LWAL+CDM+DUM/H3/COM
515,Africa,Benin,CR/LWAL+CDM+DUM/H3/IND
516,Africa,Benin,CR/LWAL+CDM+DUM/H3/RES
517,Africa,Benin,CR/LWAL+CDM+DUM/H5/COM
518,Africa,Benin,CR/LWAL+CDM+DUM/H5/IND
519,Africa,Benin,CR/LWAL+CDM+DUM/H5/RES
520,Africa,Benin,CR/LWAL+CDM+DUM/H8/COM
521,Africa,Benin,CR/LWAL+CDM+DUM/H8/IND
522,Africa,Benin,CR/LWAL+CDM+DUM/H8/RES
523,Africa,Benin,CR/LWAL+CDL+DUM/H4/COM
524,Africa,Benin,CR/LWAL+CDL+DUM/H4/IND
525,Africa,Benin,CR/LWAL+CDL+DUM/H4/RES
526,Africa,Benin,MUR+ADO/LWAL+DNO/H1/COM
527,Africa,Benin,MUR+ADO/LWAL+DNO/H1/IND
528,Africa,Benin,MUR+ADO/LWAL+DNO/H1/RES
529,Africa,Benin,W/LFM+CDL+DUM/H1/COM
530,Africa,Benin,W/LFM+CDL+DUM/H1/IND
531,Africa,Benin,W/LFM+CDL+DUM/H1/RES
532,Africa,Benin,MUR+CLBRS/LWAL+DNO/H2/COM
533,Africa,Benin,MUR+CLBRS/LWAL+DNO/H2/IND
534,Africa,Benin,MUR+CLBRS/LWAL+DNO/H2/RES
535,Africa,Benin,MCF/LWAL+DUL/H1/COM
536,Africa,Benin,MCF/LWAL+DUL/H1/IND
537,Africa,Benin,MCF/LWAL+DUL/H1/RES
538,Africa,Benin,MCF/LWAL+DUL/H2/COM
539,Africa,Benin,MCF/LWAL+DUL/H2/IND
540,Africa,Benin,MCF/LWAL+DUL/H2/RES
541,Africa,Benin,MCF/LWAL+DUL/H4/COM
542,Africa,Benin,MCF/LWAL+DUL/H4/IND
543,Africa,Benin,MCF/LWAL+DUL/H4/RES
544,Africa,Benin,MCF/LWAL+DUM/H1/COM
545,Africa,Benin,MCF/LWAL+DUM/H1/IND
546,Africa,Benin,MCF/LWAL+DUM/H1/RES
547,Africa,Benin,MCF/LWAL+DUM/H2/COM
548,Africa,Benin,MCF/LWAL+DUM/H2/IND
549,Africa,Benin,MCF/LWAL+DUM/H2/RES
550,Africa,Benin,MCF/LWAL+DUM/H4/COM
551,Africa,Benin,MCF/LWAL+DUM/H4/IND
552,Africa,Benin,MCF/LWAL+DUM/H4/RES
553,Africa,Benin,S/LFM+CDL+DUM/H1/COM
554,Africa,Benin,S/LFM+CDL+DUM/H1/IND
555,Africa,Benin,S/LFM+CDL+DUM/H1/RES
556,Africa,Benin,MUR+ADO/LWAL+DNO/RWO/H1/COM
557,Africa,Benin,MUR+ADO/LWAL+DNO/RWO/H1/IND
558,Africa,Benin,MUR+ADO/LWAL+DNO/RWO/H1/RES
559,Africa,Benin,MUR+ADO/LWAL+DNO/RWO/H2/COM
560,Africa,Benin,MUR+ADO/LWAL+DNO/RWO/H2/IND
561,Africa,Benin,MUR+ADO/LWAL+DNO/RWO/H2/RES
562,Africa,Benin,MUR+ADO/LWAL+DNO/RWO/H3/COM
563,Africa,Benin,MUR+ADO/LWAL+DNO/RWO/H3/IND
564,Africa,Benin,MUR+ADO/LWAL+DNO/RWO/H3/RES
565,Africa,Benin,MUR+CBH/LWAL+DNO/H1/COM
566,Africa,Benin,MUR+CBH/LWAL+DNO/H1/IND
567,Africa,Benin,MUR+CBH/LWAL+DNO/H1/RES
568,Africa,Benin,MUR+CBH/LWAL+DNO/H2/COM
569,Africa,Benin,MUR+CBH/LWAL+DNO/H2/IND
570,Africa,Benin,MUR+CBH/LWAL+DNO/H2/RES
571,Africa,Benin,MUR+CBH/LWAL+DNO/H3/COM
572,Africa,Benin,MUR+CBH/LWAL+DNO/H3/IND
573,Africa,Benin,MUR+CBH/LWAL+DNO/H3/RES
574,Africa,Benin,MUR+CBH/LWAL+DNO/H4/COM
575,Africa,Benin,MUR+CBH/LWAL+DNO/H4/IND
576,Africa,Benin,MUR+CBH/LWAL+DNO/H4/RES
577,Africa,Benin,MUR+CLBRH/LWAL+DNO/H1/COM
578,Africa,Benin,MUR+CLBRH/LWAL+DNO/H1/IND
579,Africa,Benin,MUR+CLBRH/LWAL+DNO/H1/RES
580,Africa,Benin,MUR+CLBRH/LWAL+DNO/H2/COM
581,Africa,Benin,MUR+CLBRH/LWAL+DNO/H2/IND
582,Africa,Benin,MUR+CLBRH/LWAL+DNO/H2/RES
583,Africa,Benin,MUR+CLBRH/LWAL+DNO/H3/COM
584,Africa,Benin,MUR+CLBRH/LWAL+DNO/H3/IND
585,Africa,Benin,MUR+CLBRH/LWAL+DNO/H3/RES
586,Africa,Benin,MUR+CLBRH/LWAL+DNO/H4/COM
587,Africa,Benin,MUR+CLBRH/LWAL+DNO/H4/IND
588,Africa,Benin,MUR+CLBRH/LWAL+DNO/H4/RES
589,Africa,Benin,MUR+CLBRS/LWAL+DNO/H1/COM
590,Africa,Benin,MUR+CLBRS/LWAL+DNO/H1/IND
591,Africa,Benin,MUR+CLBRS/LWAL+DNO/H1/RES
592,Africa,Benin,MUR+CLBRS/LWAL+DNO/H4/COM
593,Africa,Benin,MUR+CLBRS/LWAL+DNO/H4/IND
594,Africa,Benin,MUR+CLBRS/LWAL+DNO/H4/RES
595,Africa,Benin,MUR+STDRE/LWAL+DNO/H1/COM
596,Africa,Benin,MUR+STDRE/LWAL+DNO/H1/IND
597,Africa,Benin,MUR+STDRE/LWAL+DNO/H1/RES
598,Africa,Benin,MUR+STDRE/LWAL+DNO/H2/COM
599,Africa,Benin,MUR+STDRE/LWAL+DNO/H2/IND
600,Africa,Benin,MUR+STDRE/LWAL+DNO/H2/RES
601,Africa,Benin,MUR+STDRE/LWAL+DNO/H3/COM
602,Africa,Benin,MUR+STDRE/LWAL+DNO/H3/IND
603,Africa,Benin,MUR+STDRE/LWAL+DNO/H3/RES
604,Africa,Benin,MUR+STDRE/LWAL+DNO/H4/COM
605,Africa,Benin,MUR+STDRE/LWAL+DNO/H4/IND
606,Africa,Benin,MUR+STDRE/LWAL+DNO/H4/RES
607,Africa,Benin,MUR+STRUB/LWAL+DNO/H1/COM
608,Africa,Benin,MUR+STRUB/LWAL+DNO/H1/IND
609,Africa,Benin,MUR+STRUB/LWAL+DNO/H1/RES
610,Africa,Benin,MUR+STRUB/LWAL+DNO/H2/COM
611,Africa,Benin,MUR+STRUB/LWAL+DNO/H2/IND
612,Africa,Benin,MUR+STRUB/LWAL+DNO/H2/RES
613,Africa,Benin,MUR+STRUB/LWAL+DNO/H4/COM
614,Africa,Benin,MUR+STRUB/LWAL+DNO/H4/IND
615,Africa,Benin,MUR+STRUB/LWAL+DNO/H4/RES
616,Africa,Benin,S/LFM+CDL+DUM/H2/COM
617,Africa,Benin,S/LFM+CDL+DUM/H2/IND
618,Africa,Benin,S/LFM+CDL+DUM/H2/RES
619,Africa,Benin,S/LFM+CDM+DUM/H1/COM
620,Africa,Benin,S/LFM+CDM+DUM/H1/IND
621,Africa,Benin,S/LFM+CDM+DUM/H1/RES
622,Africa,Benin,S/LFM+CDM+DUM/H2/COM
623,Africa,Benin,S/LFM+CDM+DUM/H2/IND
624,Africa,Benin,S/LFM+CDM+DUM/H2/RES
625,Africa,Benin,W/LFM+CDL+DUM/H2/COM
626,Africa,Benin,W/LFM+CDL+DUM/H2/IND
627,Africa,Benin,W/LFM+CDL+DUM/H2/RES
628,Africa,Benin,W/LFM+CDL+DUM/H3/COM
629,Africa,Benin,W/LFM+CDL+DUM/H3/IND
630,Africa,Benin,W/LFM+CDL+DUM/H3/RES
631,Africa,Benin,W/LFM+CDM+DUM/H1/COM
632,Africa,Benin,W/LFM+CDM+DUM/H1/IND
633,Africa,Benin,W/LFM+CDM+DUM/H1/RES
634,Africa,Benin,W/LFM+CDM+DUM/H2/COM
635,Africa,Benin,W/LFM+CDM+DUM/H2/IND
636,Africa,Benin,W/LFM+CDM+DUM/H2/RES
637,Africa,Benin,W/LFM+CDM+DUM/H3/COM
638,Africa,Benin,W/LFM+CDM+DUM/H3/IND
639,Africa,Benin,W/LFM+CDM+DUM/H3/RES
640,Africa,Benin,W+WBB/LFM+CDN/H1/COM
641,Africa,Benin,W+WBB/LFM+CDN/H1/IND
642,Africa,Benin,W+WBB/LFM+CDN/H1/RES
643,Africa,Benin,INF/H1/COM
644,Africa,Benin,INF/H1/IND
645,Africa,Benin,INF/H1/RES
646,Africa,Benin,INF/H2/COM
647,Africa,Benin,INF/H2/IND
648,Africa,Benin,INF/H2/RES
649,Africa,Benin,W+WWD/LWAL+DNO/H1/COM
650,Africa,Benin,W+WWD/LWAL+DNO/H1/IND
651,Africa,Benin,W+WWD/LWAL+DNO/H1/RES
652,Africa,Benin,W+WWD/LWAL+DNO/H2/COM
653,Africa,Benin,W+WWD/LWAL+DNO/H2/IND
654,Africa,Benin,W+WWD/LWAL+DNO/H2/RES
655,Africa,Botswana,CR/LDUAL+CDL+DUM/H1/COM
656,Africa,Botswana,CR/LDUAL+CDL+DUM/H1/IND
657,Africa,Botswana,CR/LDUAL+CDL+DUM/H1/RES
658,Africa,Botswana,CR/LDUAL+CDL+DUM/H2/COM
659,Africa,Botswana,CR/LDUAL+CDL+DUM/H2/IND
660,Africa,Botswana,CR/LDUAL+CDL+DUM/H2/RES
661,Africa,Botswana,CR/LDUAL+CDL+DUM/H3/COM
662,Africa,Botswana,CR/LDUAL+CDL+DUM/H3/IND
663,Africa,Botswana,CR/LDUAL+CDL+DUM/H3/RES
664,Africa,Botswana,CR/LDUAL+CDL+DUM/H5/COM
665,Africa,Botswana,CR/LDUAL+CDL+DUM/H5/IND
666,Africa,Botswana,CR/LDUAL+CDL+DUM/H5/RES
667,Africa,Botswana,CR/LDUAL+CDL+DUM/H8/COM
668,Africa,Botswana,CR/LDUAL+CDL+DUM/H8/IND
669,Africa,Botswana,CR/LDUAL+CDL+DUM/H8/RES
670,Africa,Botswana,CR/LDUAL+CDM+DUM/H1/COM
671,Africa,Botswana,CR/LDUAL+CDM+DUM/H1/IND
672,Africa,Botswana,CR/LDUAL+CDM+DUM/H1/RES
673,Africa,Botswana,CR/LDUAL+CDM+DUM/H2/COM
674,Africa,Botswana,CR/LDUAL+CDM+DUM/H2/IND
675,Africa,Botswana,CR/LDUAL+CDM+DUM/H2/RES
676,Africa,Botswana,CR/LDUAL+CDM+DUM/H3/COM
677,Africa,Botswana,CR/LDUAL+CDM+DUM/H3/IND
678,Africa,Botswana,CR/LDUAL+CDM+DUM/H3/RES
679,Africa,Botswana,CR/LDUAL+CDM+DUM/H5/COM
680,Africa,Botswana,CR/LDUAL+CDM+DUM/H5/IND
681,Africa,Botswana,CR/LDUAL+CDM+DUM/H5/RES
682,Africa,Botswana,CR/LDUAL+CDM+DUM/H8/COM
683,Africa,Botswana,CR/LDUAL+CDM+DUM/H8/IND
684,Africa,Botswana,CR/LDUAL+CDM+DUM/H8/RES
685,Africa,Botswana,CR/LFINF+CDL+DUM/H1/COM
686,Africa,Botswana,CR/LFINF+CDL+DUM/H1/IND
687,Africa,Botswana,CR/LFINF+CDL+DUM/H1/RES
688,Africa,Botswana,CR/LFINF+CDL+DUM/H2/COM
689,Africa,Botswana,CR/LFINF+CDL+DUM/H2/IND
690,Africa,Botswana,CR/LFINF+CDL+DUM/H2/RES
691,Africa,Botswana,CR/LFINF+CDL+DUM/H3/COM
692,Africa,Botswana,CR/LFINF+CDL+DUM/H3/IND
693,Africa,Botswana,CR/LFINF+CDL+DUM/H3/RES
694,Africa,Botswana,CR/LFINF+CDL+DUM/H5/COM
695,Africa,Botswana,CR/LFINF+CDL+DUM/H5/IND
696,Africa,Botswana,CR/LFINF+CDL+DUM/H5/RES
697,Africa,Botswana,CR/LFINF+CDL+DUM/H8/COM
698,Africa,Botswana,CR/LFINF+CDL+DUM/H8/IND
699,Africa,Botswana,CR/LFINF+CDL+DUM/H8/RES
700,Africa,Botswana,CR/LFINF+CDM+DUM/H1/COM
701,Africa,Botswana,CR/LFINF+CDM+DUM/H1/IND
702,Africa,Botswana,CR/LFINF+CDM+DUM/H1/RES
703,Africa,Botswana,CR/LFINF+CDM+DUM/H2/COM
704,Africa,Botswana,CR/LFINF+CDM+DUM/H2/IND
705,Africa,Botswana,CR/LFINF+CDM+DUM/H2/RES
706,Africa,Botswana,CR/LFINF+CDM+DUM/H3/COM
707,Africa,Botswana,CR/LFINF+CDM+DUM/H3/IND
708,Africa,Botswana,CR/LFINF+CDM+DUM/H3/RES
709,Africa,Botswana,CR/LFINF+CDM+DUM/H5/COM
710,Africa,Botswana,CR/LFINF+CDM+DUM/H5/IND
711,Africa,Botswana,CR/LFINF+CDM+DUM/H5/RES
712,Africa,Botswana,CR/LFINF+CDM+DUM/H8/COM
713,Africa,Botswana,CR/LFINF+CDM+DUM/H8/IND
714,Africa,Botswana,CR/LFINF+CDM+DUM/H8/RES
715,Africa,Botswana,CR/LWAL+CDL+DUM/H1/COM
716,Africa,Botswana,CR/LWAL+CDL+DUM/H1/IND
717,Africa,Botswana,CR/LWAL+CDL+DUM/H1/RES
718,Africa,Botswana,CR/LWAL+CDL+DUM/H2/COM
719,Africa,Botswana,CR/LWAL+CDL+DUM/H2/IND
720,Africa,Botswana,CR/LWAL+CDL+DUM/H2/RES
721,Africa,Botswana,CR/LWAL+CDL+DUM/H3/COM
722,Africa,Botswana,CR/LWAL+CDL+DUM/H3/IND
723,Africa,Botswana,CR/LWAL+CDL+DUM/H3/RES
724,Africa,Botswana,CR/LWAL+CDL+DUM/H5/COM
725,Africa,Botswana,CR/LWAL+CDL+DUM/H5/IND
726,Africa,Botswana,CR/LWAL+CDL+DUM/H5/RES
727,Africa,Botswana,CR/LWAL+CDL+DUM/H8/COM
728,Africa,Botswana,CR/LWAL+CDL+DUM/H8/IND
729,Africa,Botswana,CR/LWAL+CDL+DUM/H8/RES
730,Africa,Botswana,CR/LWAL+CDM+DUM/H1/COM
731,Africa,Botswana,CR/LWAL+CDM+DUM/H1/IND
732,Africa,Botswana,CR/LWAL+CDM+DUM/H1/RES
733,Africa,Botswana,CR/LWAL+CDM+DUM/H2/COM
734,Africa,Botswana,CR/LWAL+CDM+DUM/H2/IND
735,Africa,Botswana,CR/LWAL+CDM+DUM/H2/RES
736,Africa,Botswana,CR/LWAL+CDM+DUM/H3/COM
737,Africa,Botswana,CR/LWAL+CDM+DUM/H3/IND
738,Africa,Botswana,CR/LWAL+CDM+DUM/H3/RES
739,Africa,Botswana,CR/LWAL+CDM+DUM/H5/COM
740,Africa,Botswana,CR/LWAL+CDM+DUM/H5/IND
741,Africa,Botswana,CR/LWAL+CDM+DUM/H5/RES
742,Africa,Botswana,CR/LWAL+CDM+DUM/H8/COM
743,Africa,Botswana,CR/LWAL+CDM+DUM/H8/IND
744,Africa,Botswana,CR/LWAL+CDM+DUM/H8/RES
745,Africa,Botswana,CR/LWAL+CDL+DUM/H4/COM
746,Africa,Botswana,CR/LWAL+CDL+DUM/H4/IND
747,Africa,Botswana,CR/LWAL+CDL+DUM/H4/RES
748,Africa,Botswana,MUR+ADO/LWAL+DNO/H1/COM
749,Africa,Botswana,MUR+ADO/LWAL+DNO/H1/IND
750,Africa,Botswana,MUR+ADO/LWAL+DNO/H1/RES
751,Africa,Botswana,W/LFM+CDL+DUM/H1/COM
752,Africa,Botswana,W/LFM+CDL+DUM/H1/IND
753,Africa,Botswana,W/LFM+CDL+DUM/H1/RES
754,Africa,Botswana,MUR+CLBRS/LWAL+DNO/H2/COM
755,Africa,Botswana,MUR+CLBRS/LWAL+DNO/H2/IND
756,Africa,Botswana,MUR+CLBRS/LWAL+DNO/H2/RES
757,Africa,Botswana,MCF/LWAL+DUL/H1/COM
758,Africa,Botswana,MCF/LWAL+DUL/H1/IND
759,Africa,Botswana,MCF/LWAL+DUL/H1/RES
760,Africa,Botswana,MCF/LWAL+DUL/H2/COM
761,Africa,Botswana,MCF/LWAL+DUL/H2/IND
762,Africa,Botswana,MCF/LWAL+DUL/H2/RES
763,Africa,Botswana,MCF/LWAL+DUL/H4/COM
764,Africa,Botswana,MCF/LWAL+DUL/H4/IND
765,Africa,Botswana,MCF/LWAL+DUL/H4/RES
766,Africa,Botswana,MCF/LWAL+DUM/H1/COM
767,Africa,Botswana,MCF/LWAL+DUM/H1/IND
768,Africa,Botswana,MCF/LWAL+DUM/H1/RES
769,Africa,Botswana,MCF/LWAL+DUM/H2/COM
770,Africa,Botswana,MCF/LWAL+DUM/H2/IND
771,Africa,Botswana,MCF/LWAL+DUM/H2/RES
772,Africa,Botswana,MCF/LWAL+DUM/H4/COM
773,Africa,Botswana,MCF/LWAL+DUM/H4/IND
774,Africa,Botswana,MCF/LWAL+DUM/H4/RES
775,Africa,Botswana,S/LFM+CDL+DUM/H1/COM
776,Africa,Botswana,S/LFM+CDL+DUM/H1/IND
777,Africa,Botswana,S/LFM+CDL+DUM/H1/RES
778,Africa,Botswana,MUR+ADO/LWAL+DNO/RWO/H1/COM
779,Africa,Botswana,MUR+ADO/LWAL+DNO/RWO/H1/IND
780,Africa,Botswana,MUR+ADO/LWAL+DNO/RWO/H1/RES
781,Africa,Botswana,MUR+ADO/LWAL+DNO/RWO/H2/COM
782,Africa,Botswana,MUR+ADO/LWAL+DNO/RWO/H2/IND
783,Africa,Botswana,MUR+ADO/LWAL+DNO/RWO/H2/RES
784,Africa,Botswana,MUR+ADO/LWAL+DNO/RWO/H3/COM
785,Africa,Botswana,MUR+ADO/LWAL+DNO/RWO/H3/IND
786,Africa,Botswana,MUR+ADO/LWAL+DNO/RWO/H3/RES
787,Africa,Botswana,MUR+CBH/LWAL+DNO/H1/COM
788,Africa,Botswana,MUR+CBH/LWAL+DNO/H1/IND
789,Africa,Botswana,MUR+CBH/LWAL+DNO/H1/RES
790,Africa,Botswana,MUR+CBH/LWAL+DNO/H2/COM
791,Africa,Botswana,MUR+CBH/LWAL+DNO/H2/IND
792,Africa,Botswana,MUR+CBH/LWAL+DNO/H2/RES
793,Africa,Botswana,MUR+CBH/LWAL+DNO/H3/COM
794,Africa,Botswana,MUR+CBH/LWAL+DNO/H3/IND
795,Africa,Botswana,MUR+CBH/LWAL+DNO/H3/RES
796,Africa,Botswana,MUR+CBH/LWAL+DNO/H4/COM
797,Africa,Botswana,MUR+CBH/LWAL+DNO/H4/IND
798,Africa,Botswana,MUR+CBH/LWAL+DNO/H4/RES
799,Africa,Botswana,MUR+CLBRH/LWAL+DNO/H1/COM
800,Africa,Botswana,MUR+CLBRH/LWAL+DNO/H1/IND
801,Africa,Botswana,MUR+CLBRH/LWAL+DNO/H1/RES
802,Africa,Botswana,MUR+CLBRH/LWAL+DNO/H2/COM
803,Africa,Botswana,MUR+CLBRH/LWAL+DNO/H2/IND
804,Africa,Botswana,MUR+CLBRH/LWAL+DNO/H2/RES
805,Africa,Botswana,MUR+CLBRH/LWAL+DNO/H3/COM
806,Africa,Botswana,MUR+CLBRH/LWAL+DNO/H3/IND
807,Africa,Botswana,MUR+CLBRH/LWAL+DNO/H3/RES
808,Africa,Botswana,MUR+CLBRH/LWAL+DNO/H4/COM
809,Africa,Botswana,MUR+CLBRH/LWAL+DNO/H4/IND
810,Africa,Botswana,MUR+CLBRH/LWAL+DNO/H4/RES
811,Africa,Botswana,MUR+CLBRS/LWAL+DNO/H1/COM
812,Africa,Botswana,MUR+CLBRS/LWAL+DNO/H1/IND
813,Africa,Botswana,MUR+CLBRS/LWAL+DNO/H1/RES
814,Africa,Botswana,MUR+CLBRS/LWAL+DNO/H4/COM
815,Africa,Botswana,MUR+CLBRS/LWAL+DNO/H4/IND
816,Africa,Botswana,MUR+CLBRS/LWAL+DNO/H4/RES
817,Africa,Botswana,MUR+STDRE/LWAL+DNO/H1/COM
818,Africa,Botswana,MUR+STDRE/LWAL+DNO/H1/IND
819,Africa,Botswana,MUR+STDRE/LWAL+DNO/H1/RES
820,Africa,Botswana,MUR+STDRE/LWAL+DNO/H2/COM
821,Africa,Botswana,MUR+STDRE/LWAL+DNO/H2/IND
822,Africa,Botswana,MUR+STDRE/LWAL+DNO/H2/RES
823,Africa,Botswana,MUR+STDRE/LWAL+DNO/H3/COM
824,Africa,Botswana,MUR+STDRE/LWAL+DNO/H3/IND
825,Africa,Botswana,MUR+STDRE/LWAL+DNO/H3/RES
826,Africa,Botswana,MUR+STDRE/LWAL+DNO/H4/COM
827,Africa,Botswana,MUR+STDRE/LWAL+DNO/H4/IND
828,Africa,Botswana,MUR+STDRE/LWAL+DNO/H4/RES
829,Africa,Botswana,MUR+STRUB/LWAL+DNO/H1/COM
830,Africa,Botswana,MUR+STRUB/LWAL+DNO/H1/IND
831,Africa,Botswana,MUR+STRUB/LWAL+DNO/H1/RES
832,Africa,Botswana,MUR+STRUB/LWAL+DNO/H2/COM
833,Africa,Botswana,MUR+STRUB/LWAL+DNO/H2/IND
834,Africa,Botswana,MUR+STRUB/LWAL+DNO/H2/RES
835,Africa,Botswana,MUR+STRUB/LWAL+DNO/H4/COM
836,Africa,Botswana,MUR+STRUB/LWAL+DNO/H4/IND
837,Africa,Botswana,MUR+STRUB/LWAL+DNO/H4/RES
838,Africa,Botswana,S/LFM+CDL+DUM/H2/COM
839,Africa,Botswana,S/LFM+CDL+DUM/H2/IND
840,Africa,Botswana,S/LFM+CDL+DUM/H2/RES
841,Africa,Botswana,S/LFM+CDM+DUM/H1/COM
842,Africa,Botswana,S/LFM+CDM+DUM/H1/IND
843,Africa,Botswana,S/LFM+CDM+DUM/H1/RES
844,Africa,Botswana,S/LFM+CDM+DUM/H2/COM
845,Africa,Botswana,S/LFM+CDM+DUM/H2/IND
846,Africa,Botswana,S/LFM+CDM+DUM/H2/RES
847,Africa,Botswana,W/LFM+CDL+DUM/H2/COM
848,Africa,Botswana,W/LFM+CDL+DUM/H2/IND
849,Africa,Botswana,W/LFM+CDL+DUM/H2/RES
850,Africa,Botswana,W/LFM+CDL+DUM/H3/COM
851,Africa,Botswana,W/LFM+CDL+DUM/H3/IND
852,Africa,Botswana,W/LFM+CDL+DUM/H3/RES
853,Africa,Botswana,W/LFM+CDM+DUM/H1/COM
854,Africa,Botswana,W/LFM+CDM+DUM/H1/IND
855,Africa,Botswana,W/LFM+CDM+DUM/H1/RES
856,Africa,Botswana,W/LFM+CDM+DUM/H2/COM
857,Africa,Botswana,W/LFM+CDM+DUM/H2/IND
858,Africa,Botswana,W/LFM+CDM+DUM/H2/RES
859,Africa,Botswana,W/LFM+CDM+DUM/H3/COM
860,Africa,Botswana,W/LFM+CDM+DUM/H3/IND
861,Africa,Botswana,W/LFM+CDM+DUM/H3/RES
862,Africa,Botswana,W+WBB/LFM+CDN/H1/COM
863,Africa,Botswana,W+WBB/LFM+CDN/H1/IND
864,Africa,Botswana,W+WBB/LFM+CDN/H1/RES
865,Africa,Botswana,INF/H1/COM
866,Africa,Botswana,INF/H1/IND
867,Africa,Botswana,INF/H1/RES
868,Africa,Botswana,INF/H2/COM
869,Africa,Botswana,INF/H2/IND
870,Africa,Botswana,INF/H2/RES
871,Africa,Botswana,W+WWD/LWAL+DNO/H1/COM
872,Africa,Botswana,W+WWD/LWAL+DNO/H1/IND
873,Africa,Botswana,W+WWD/LWAL+DNO/H1/RES
874,Africa,Botswana,W+WWD/LWAL+DNO/H2/COM
875,Africa,Botswana,W+WWD/LWAL+DNO/H2/IND
876,Africa,Botswana,W+WWD/LWAL+DNO/H2/RES
